,uk,mexico,japan,korea,thailand,switzerland,us
uk,0.0,-45.1156580835318,-58.10283651880851,-41.15634415303608,-25.853655918164964,-281.7740388719671,-99.14572785521294
mexico,45.1156580835318,0.0,-35.580212257173756,-29.16042167388501,-22.63703154040941,-17.318565140970037,-132.95582729252692
japan,58.10283651880851,35.580212257173756,0.0,-85.54955134078153,-15.831375101006756,4.311802419487819,21.870999796490814
korea,41.15634415303608,29.16042167388501,85.54955134078153,0.0,-12.30469744516592,7.727107069742479,27.57148380356901
thailand,25.853655918164964,22.63703154040941,15.831375101006756,12.30469744516592,0.0,-9.909199632960743,-4.443377260017233
switzerland,281.7740388719671,17.318565140970037,-4.311802419487819,-7.727107069742479,9.909199632960743,0.0,-3.646280327266327
us,99.14572785521294,132.95582729252692,-21.870999796490814,-27.57148380356901,4.443377260017233,3.646280327266327,0.0
